0,1,1.05
0.048931,0.99832,1.0362
0.095542,1.0031,1.0227
0.14025,1.014,1.0097
0.18346,1.0309,0.9971
0.2753,1.0878,0.97071
0.36486,1.1711,0.94639
0.45494,1.2806,0.92434
0.54843,1.4163,0.90482
0.65584,1.5926,0.88714
0.7729,1.803,0.87359
0.90241,2.0507,0.86518
1.0475,2.3396,0.86321
1.2461,2.7459,0.87182
1.4773,3.2285,0.89608
1.7477,3.7997,0.94172
2.0648,4.4735,1.0168
2.5602,5.5273,1.1771
3.1705,6.8235,1.4387
3.9207,8.4066,1.8543
4.8396,10.319,2.5041
6.1415,12.961,3.6886
7.757,16.111,5.582
9.7114,19.649,8.5061
11.974,23.2,12.844
13.392,25.029,16.155
14.835,26.439,20.063
16.238,27.201,24.503
17.519,27.091,29.308
18.579,25.912,34.219
19.309,23.602,38.838
19.615,20.251,42.776
19.444,16.084,45.719
18.868,11.937,47.337
17.913,7.7736,47.952
16.628,3.8772,47.659
15.09,0.4506,46.634
13.582,-2.1013,45.299
11.999,-4.1687,43.722
10.393,-5.7698,42.031
8.8086,-6.9577,40.332
7.3249,-7.7811,38.749
5.9143,-8.34,37.264
4.5916,-8.6906,35.898
3.3657,-8.8839,34.66
1.5447,-8.9696,32.873
-0.0057995,-8.878,31.394
-1.3075,-8.7085,30.174
-2.3889,-8.5235,29.165
-3.1811,-8.3754,28.42
-3.852,-8.2545,27.781
-4.4209,-8.1684,27.231
-4.9065,-8.1206,26.756
-5.3872,-8.1133,26.287
-5.7984,-8.155,25.897
-6.1565,-8.2421,25.58
-6.4769,-8.3689,25.331
-6.7958,-8.5433,25.135
-7.0939,-8.7485,25.015
-7.3779,-8.9755,24.972
-7.6538,-9.214,25.003
-7.9732,-9.4956,25.132
-8.2841,-9.7604,25.359
-8.5822,-9.99,25.676
-8.8626,-10.166,26.07
-9.1637,-10.284,26.613
-9.4109,-10.282,27.2
-9.5871,-10.148,27.787
-9.681,-9.8859,28.325
-9.6838,-9.493,28.787
-9.5858,-9.0167,29.1
-9.3946,-8.5012,29.239
-9.1289,-7.9925,29.198
-8.7456,-7.4488,28.936
-8.3368,-7.0305,28.476
-7.947,-6.7693,27.871
-7.6143,-6.673,27.197
-7.399,-6.711,26.627
-7.2546,-6.8499,26.082
-7.1872,-7.0799,25.591
-7.1983,-7.3872,25.177
-7.32,-7.8702,24.793
-7.5576,-8.4258,24.613
-7.8964,-9.0108,24.672
-8.3036,-9.5686,24.98
-8.7146,-10.013,25.491
-9.1134,-10.306,26.182
-9.4551,-10.392,26.988
-9.6948,-10.242,27.815
-9.792,-9.9182,28.47
-9.7669,-9.449,28.98
-9.6178,-8.8862,29.294
-9.3614,-8.2886,29.385
-9.0194,-7.7114,29.255
-8.6302,-7.2217,28.922
-8.232,-6.8562,28.427
-7.8597,-6.6334,27.827
-7.5638,-6.554,27.229
-7.3323,-6.591,26.624
-7.1761,-6.7363,26.044
-7.1015,-6.9758,25.52
-7.1146,-7.3369,25.029
-7.2284,-7.782,24.672
-7.4374,-8.2887,24.477
-7.7277,-8.8281,24.467
-8.1155,-9.4162,24.681
-8.5502,-9.9382,25.14
-8.9937,-10.323,25.823
-9.3945,-10.508,26.665
-9.6799,-10.458,27.493
-9.849,-10.188,28.278
-9.8746,-9.7228,28.924
-9.7537,-9.1123,29.36
-9.5352,-8.5146,29.532
-9.2304,-7.9268,29.494
-8.8669,-7.3987,29.256
-8.4763,-6.9691,28.855
-8.0712,-6.6463,28.306
-7.7037,-6.4663,27.673
-7.3992,-6.4297,27.001
-7.1753,-6.5221,26.338
-7.047,-6.7094,25.758
-7.0012,-6.9861,25.243
-7.0387,-7.3405,24.818
-7.156,-7.7587,24.503
-7.4252,-8.3954,24.283
-7.8105,-9.0719,24.341
-8.2854,-9.7207,24.702
-8.7973,-10.259,25.355
-9.2461,-10.576,26.163
-9.6245,-10.654,27.088
-9.8795,-10.455,28.021
-9.9736,-9.9904,28.84
-9.9113,-9.429,29.357
-9.7198,-8.7833,29.65
-9.4162,-8.1219,29.698
-9.0321,-7.5084,29.511
-8.5621,-6.9487,29.081
-8.0911,-6.5523,28.469
-7.6635,-6.3386,27.736
-7.3142,-6.2996,26.961
-7.1004,-6.383,26.334
-6.9626,-6.5634,25.743
-6.9044,-6.8305,25.212
-6.926,-7.1726,24.763
-7.0871,-7.7758,24.292
-7.398,-8.4742,24.088
-7.841,-9.2112,24.199
-8.3691,-9.9088,24.644
-8.8362,-10.396,25.268
-9.2859,-10.713,26.083
-9.6711,-10.799,27.019
-9.9449,-10.622,27.978
-10.063,-10.24,28.754
-10.041,-9.6877,29.367
-9.877,-9.0237,29.753
-9.5878,-8.3158,29.884
-9.2045,-7.639,29.764
-8.7634,-7.0555,29.419
-8.3054,-6.6054,28.889
-7.8673,-6.3085,28.238
-7.5049,-6.1689,27.575
-7.2062,-6.1552,26.891
-6.9838,-6.2582,26.22
-6.8454,-6.4634,25.591
-6.7919,-6.7896,24.979
-6.8417,-7.2105,24.477
-6.9919,-7.7103,24.115
-7.234,-8.27,23.917
-7.6117,-8.9637,23.919
-8.0767,-9.6538,24.2
-8.598,-10.27,24.771
-9.1256,-10.731,25.602
-9.5911,-10.95,26.594
-9.9501,-10.881,27.654
-10.148,-10.506,28.649
-10.155,-9.8593,29.45
-10.012,-9.1861,29.884
-9.7441,-8.4635,30.072
-9.3744,-7.7601,30.007
-8.9374,-7.135,29.713
-8.4238,-6.5851,29.181
-7.9238,-6.211,28.489
-7.4781,-6.0227,27.698
-7.117,-6.0046,26.878
-6.891,-6.1033,26.202
-6.7444,-6.2988,25.565
-6.6798,-6.5809,24.99
-6.6971,-6.9388,24.496
-6.8226,-7.4609,24.031
-7.0586,-8.0623,23.746
-7.396,-8.7168,23.672
-7.8162,-9.3894,23.832
-8.2952,-10.036,24.239
-8.8049,-10.588,24.894
-9.3062,-10.973,25.768
-9.7502,-11.127,26.792
-10.076,-11.009,27.822
-10.261,-10.627,28.782
-10.273,-10.016,29.56
-10.112,-9.2368,30.075
-9.8423,-8.496,30.271
-9.4732,-7.7733,30.223
-9.0361,-7.1247,29.947
-8.5653,-6.5916,29.487
-8.0787,-6.183,28.868
-7.6273,-5.9291,28.152
-7.237,-5.8273,27.387
-6.9265,-5.8614,26.616
-6.7133,-6.0033,25.905
-6.5869,-6.2434,25.244
-6.5486,-6.5711,24.657
-6.5971,-6.9756,24.163
-6.7596,-7.5384,23.725
-7.0313,-8.177,23.476
-7.4027,-8.8651,23.446
-7.8548,-9.5663,23.66
-8.3633,-10.235,24.128
-8.8987,-10.798,24.85
-9.4203,-11.179,25.795
-9.8777,-11.314,26.887
-10.209,-11.161,27.976
-10.389,-10.733,28.979
-10.39,-10.068,29.784
-10.209,-9.2348,30.308
-9.9188,-8.4506,30.498
-9.5267,-7.6904,30.434
-9.0656,-7.0112,30.138
-8.5709,-6.4543,29.652
-8.0634,-6.0296,29.01
-7.5916,-5.7621,28.271
-7.1811,-5.6477,27.483
-6.85,-5.6694,26.686
-6.615,-5.8013,25.942
-6.4679,-6.0328,25.244
-6.4101,-6.3532,24.617
-6.4405,-6.7523,24.079
-6.5823,-7.3077,23.587
-6.8345,-7.9446,23.273
-7.1896,-8.6413,23.17
-7.6315,-9.3679,23.301
-8.1395,-10.084,23.687
-8.6895,-10.725,24.337
-9.2456,-11.217,25.234
-9.7604,-11.487,26.321
-10.185,-11.468,27.512
-10.461,-11.133,28.669
-10.545,-10.503,29.656
-10.427,-9.6421,30.364
-10.177,-8.8211,30.685
-9.8086,-7.9953,30.737
-9.3511,-7.2306,30.533
-8.8408,-6.578,30.11
-8.2894,-6.0451,29.49
-7.7613,-5.6818,28.743
-7.2877,-5.4875,27.92
-6.8916,-5.4447,27.073
-6.6046,-5.5211,26.297
-6.4021,-5.6995,25.555
-6.2866,-5.9689,24.869
-6.2578,-6.319,24.257
-6.3649,-6.9726,23.519
-6.6513,-7.7652,23.041
-7.1073,-8.6604,22.881
-7.6991,-9.6056,23.095
-8.255,-10.364,23.575
-8.8491,-11.027,24.339
-9.4405,-11.51,25.363
-9.9754,-11.734,26.578
-10.388,-11.635,27.838
-10.638,-11.208,29.031
-10.685,-10.488,30.02
-10.523,-9.5466,30.7
-10.234,-8.6706,30.98
-9.8273,-7.8055,30.983
-9.3354,-7.0166,30.726
-8.7952,-6.3524,30.254
-8.226,-5.8232,29.598
-7.6836,-5.4638,28.823
-7.1974,-5.2705,27.98
-6.7884,-5.2249,27.116
-6.4821,-5.2978,26.305
-6.2622,-5.4737,25.528
-6.1309,-5.7407,24.805
-6.0878,-6.0888,24.155
-6.1766,-6.7435,23.354
-6.4487,-7.5436,22.805
-6.8964,-8.4586,22.567
-7.4891,-9.4447,22.701
-8.0534,-10.256,23.118
-8.6691,-10.997,23.832
-9.299,-11.584,24.831
-9.8913,-11.931,26.06
-10.393,-11.952,27.435
-10.732,-11.602,28.788
-10.854,-10.898,29.959
-10.742,-9.91,30.814
-10.482,-8.9853,31.208
-10.088,-8.0486,31.305
-9.5907,-7.1739,31.119
-9.0295,-6.4187,30.689
-8.4194,-5.7942,30.046
-7.826,-5.3511,29.259
-7.2833,-5.0883,28.385
-6.8159,-4.9862,27.476
-6.4627,-5.013,26.635
-6.1937,-5.1449,25.82
-6.0116,-5.3692,25.05
-5.9167,-5.6753,24.34
-5.9238,-6.2322,23.472
-6.0942,-6.9236,22.797
-6.4226,-7.7326,22.359
-6.8917,-8.6399,22.208
-7.4078,-9.4997,22.352
-8.0068,-10.361,22.793
-8.6631,-11.157,23.549
-9.3355,-11.801,24.608
-9.884,-12.156,25.717
-10.367,-12.265,26.948
-10.741,-12.085,28.214
-10.97,-11.607,29.41
-11.026,-10.856,30.424
-10.895,-9.9124,31.159
-10.582,-8.8709,31.559
-10.117,-7.8247,31.61
-9.4997,-6.8057,31.315
-8.8154,-5.9656,30.72
-8.123,-5.3442,29.896
-7.4709,-4.9464,28.94
-6.9745,-4.7663,28.08
-6.5507,-4.7169,27.206
-6.2086,-4.7821,26.343
-5.9535,-4.9453,25.513
-5.7671,-5.2387,24.615
-5.6954,-5.6336,23.805
-5.7354,-6.1209,23.102
-5.8816,-6.6952,22.529
-6.1902,-7.5004,22.04
-6.6406,-8.4126,21.822
-7.2232,-9.3998,21.923
-7.9129,-10.408,22.389
-8.6256,-11.304,23.185
-9.3632,-12.035,24.332
-10.068,-12.48,25.78
-10.665,-12.535,27.41
-11.045,-12.183,28.885
-11.222,-11.469,30.199
-11.163,-10.464,31.207
-10.871,-9.2671,31.817
-10.464,-8.2058,31.989
-9.9378,-7.2013,31.854
-9.3331,-6.318,31.446
-8.6905,-5.5975,30.825
-8.0521,-5.0563,30.058
-7.4491,-4.6893,29.194
-6.9066,-4.4847,28.277
-6.4417,-4.4204,27.346
-6.0634,-4.4727,26.425
-5.7765,-4.6276,25.536
-5.5818,-4.8714,24.697
-5.4779,-5.1938,23.921
-5.4798,-5.8061,22.915
-5.6668,-6.5682,22.118
-6.0349,-7.4687,21.58
-6.5648,-8.4977,21.361
-7.1003,-9.411,21.462
-7.7246,-10.352,21.854
-8.4187,-11.262,22.566
-9.1497,-12.061,23.604
-9.7779,-12.587,24.747
-10.363,-12.88,26.072
-10.86,-12.877,27.502
-11.227,-12.545,28.932
-11.425,-11.878,30.24
-11.425,-10.936,31.302
-11.215,-9.8091,32.026
-10.814,-8.5976,32.367
-10.274,-7.4477,32.334
-9.6297,-6.4172,31.979
-8.9294,-5.5629,31.358
-8.219,-4.9115,30.55
-7.5794,-4.4826,29.687
-6.9932,-4.2169,28.763
-6.4784,-4.0965,27.816
-6.0465,-4.0985,26.872
-5.6867,-4.2094,25.904
-5.4256,-4.4172,24.98
-5.2618,-4.709,24.116
-5.1921,-5.0764,23.324
-5.2205,-5.581,22.525
-5.3604,-6.176,21.853
-5.6084,-6.8599,21.331
-5.9591,-7.6321,20.983
-6.4069,-8.4877,20.84
-6.9496,-9.4108,20.937
-7.5788,-10.37,21.31
-8.2775,-11.317,21.986
-8.9704,-12.128,22.907
-9.6722,-12.787,24.102
-10.342,-13.206,25.534
-10.931,-13.306,27.122
-11.387,-13.024,28.751
-11.653,-12.355,30.264
-11.691,-11.346,31.512
-11.491,-10.085,32.385
-11.129,-8.872,32.787
-10.616,-7.6754,32.838
-9.9889,-6.5781,32.565
-9.2914,-5.6396,32.025
-8.5602,-4.8838,31.279
-7.8434,-4.3276,30.394
-7.1736,-3.9622,29.422
-6.5744,-3.7628,28.413
-6.0769,-3.6996,27.437
-5.665,-3.7452,26.476
-5.341,-3.882,25.548
-5.1046,-4.0955,24.663
-4.9218,-4.4738,23.591
-4.8751,-4.9552,22.627
-4.9587,-5.5347,21.79
-5.164,-6.2153,21.103
-5.4775,-6.9881,20.599
-5.9031,-7.8632,20.297
-6.4391,-8.8322,20.235
-7.078,-9.8744,20.455
-7.8772,-11.051,21.063
-8.7613,-12.173,22.113
-9.6841,-13.105,23.618
-10.569,-13.681,25.513
-11.133,-13.778,27.054
-11.585,-13.548,28.631
-11.882,-12.974,30.134
-11.997,-12.079,31.45
-11.91,-10.927,32.472
-11.621,-9.6264,33.128
-11.147,-8.2887,33.39
-10.523,-7.0141,33.273
-9.7375,-5.8045,32.79
-8.8947,-4.828,32.015
-8.053,-4.1082,31.033
-7.258,-3.6309,29.936
-6.6372,-3.3853,28.958
-6.0895,-3.2713,27.97
-5.6226,-3.2675,26.993
-5.24,-3.3535,26.041
-4.8995,-3.5462,24.977
-4.6684,-3.8231,23.974
-4.5415,-4.1737,23.042
-4.5123,-4.5936,22.19
-4.5845,-5.1358,21.359
-4.7631,-5.7658,20.653
-5.0465,-6.4881,20.091
-5.4311,-7.3088,19.7
-5.9145,-8.2298,19.509
-6.4989,-9.2438,19.558
-7.1806,-10.328,19.891
-7.9487,-11.438,20.548
-8.7437,-12.462,21.509
-9.5722,-13.357,22.815
-10.393,-14.015,24.446
-11.147,-14.323,26.328
-11.773,-14.175,28.339
-12.192,-13.527,30.281
-12.344,-12.407,31.954
-12.205,-10.911,33.196
-11.864,-9.489,33.817
-11.338,-8.0508,34.03
-10.665,-6.701,33.856
-9.8909,-5.518,33.356
-9.0627,-4.545,32.609
-8.2303,-3.7999,31.686
-7.4325,-3.2756,30.652
-6.6982,-2.9445,29.566
-6.0831,-2.7771,28.534
-5.5492,-2.7264,27.51
-5.1002,-2.7704,26.509
-4.7366,-2.8904,25.542
-4.4085,-3.1151,24.435
-4.1921,-3.4139,23.394
-4.0801,-3.7782,22.427
-4.0645,-4.2061,21.54
-4.1611,-4.8072,20.599
-4.3816,-5.5129,19.802
-4.7259,-6.333,19.175
-5.1905,-7.2815,18.753
-5.7103,-8.2504,18.584
-6.3322,-9.3242,18.657
-7.0549,-10.483,19.02
-7.8702,-11.684,19.719
-8.7221,-12.813,20.744
-9.6174,-13.822,22.147
-10.514,-14.593,23.914
-11.352,-14.994,25.976
-12.062,-14.899,28.211
-12.558,-14.242,30.399
-12.767,-13.042,32.312
-12.657,-11.396,33.763
-12.321,-9.8303,34.508
-11.78,-8.2315,34.806
-11.072,-6.7189,34.678
-10.246,-5.3826,34.187
-9.3605,-4.2832,33.428
-8.4612,-3.4293,32.477
-7.5902,-2.8148,31.404
-6.7786,-2.4099,30.273
-6.0981,-2.187,29.212
-5.4965,-2.086,28.158
-4.9783,-2.0826,27.126
-4.5443,-2.1554,26.125
-4.1424,-2.3137,25.009
-3.8435,-2.5353,23.948
-3.6403,-2.8087,22.945
-3.5242,-3.1288,22.004
-3.4885,-3.6075,20.898
-3.5736,-4.1679,19.906
-3.7758,-4.82,19.041
-4.0882,-5.5835,18.324
-4.4286,-6.3143,17.861
-4.8496,-7.1428,17.539
-5.3551,-8.0745,17.382
-5.948,-9.1093,17.425
-6.9174,-10.698,17.882
-8.0572,-12.394,18.936
-9.3345,-14.032,20.697
-10.662,-15.332,23.191
-11.494,-15.826,25.183
-12.233,-15.912,27.359
-12.821,-15.511,29.584
-13.2,-14.599,31.69
-13.323,-13.21,33.492
-13.162,-11.482,34.831
-12.715,-9.5828,35.618
-12.021,-7.6711,35.832
-11.138,-5.9107,35.533
-10.131,-4.4125,34.82
-9.0716,-3.2307,33.802
-8.0182,-2.3667,32.604
-7.1707,-1.8562,31.53
-6.3842,-1.5176,30.431
-5.6721,-1.321,29.332
-5.0425,-1.2365,28.252
-4.4688,-1.2391,27.143
-3.9875,-1.3138,26.072
-3.5942,-1.4419,25.045
-3.2827,-1.6098,24.062
-3.0215,-1.8351,23.014
-2.8445,-2.093,22.021
-2.7437,-2.3806,21.084
-2.7107,-2.7001,20.204
-2.7385,-3.0563,19.382
-2.8249,-3.4545,18.621
-2.9683,-3.9019,17.924
-3.1675,-4.408,17.298
-3.4461,-5.0325,16.711
-3.7952,-5.7505,16.229
-4.2204,-6.5744,15.871
-4.7277,-7.5157,15.662
-5.5785,-9.0239,15.681
-6.6205,-10.774,16.173
-7.8568,-12.701,17.284
-9.2604,-14.628,19.162
-10.199,-15.715,20.788
-11.145,-16.582,22.76
-12.052,-17.109,25.035
-12.864,-17.182,27.517
-13.52,-16.707,30.062
-13.948,-15.656,32.463
-14.093,-14.08,34.516
-13.93,-12.092,36.058
-13.516,-10.084,36.921
-12.869,-8.0582,37.251
-12.03,-6.1551,37.086
-11.051,-4.4778,36.507
-10.026,-3.1258,35.655
-8.9765,-2.0571,34.607
-7.9445,-1.2613,33.44
-6.9632,-0.70397,32.22
-6.1265,-0.36304,31.094
-5.3632,-0.15615,29.981
-4.6791,-0.054097,28.896
-4.0762,-0.03085,27.847
-3.5341,-0.066871,26.797
-3.0727,-0.14632,25.789
-2.6863,-0.25502,24.823
-2.368,-0.38276,23.896
-2.0998,-0.52965,22.967
-1.8904,-0.68526,22.078
-1.7332,-0.84692,21.226
-1.6211,-1.0142,20.411
-1.5482,-1.1885,19.631
-1.5106,-1.371,18.884
-1.5049,-1.5642,18.171
-1.5282,-1.7716,17.491
-1.5827,-2.0141,16.799
-1.6672,-2.2824,16.144
-1.7819,-2.5822,15.529
-1.9271,-2.9202,14.953
-2.1393,-3.3775,14.331
-2.4007,-3.9111,13.774
-2.7174,-4.5356,13.292
-3.0969,-5.2673,12.898
-3.8523,-6.6815,12.502
-4.8348,-8.4889,12.487
-6.0865,-10.728,13.039
-7.6445,-13.332,14.429
-8.8358,-15.15,15.951
-10.138,-16.905,18.078
-11.503,-18.391,20.86
-12.844,-19.338,24.247
-13.767,-19.513,27.105
-14.544,-19.1,30.064
-15.107,-18.04,32.934
-15.401,-16.354,35.507
-15.383,-14.138,37.572
-15.034,-11.597,38.985
-14.367,-8.9523,39.689
-13.427,-6.4002,39.706
-12.294,-4.1332,39.152
-11.032,-2.2347,38.173
-9.7125,-0.74518,36.903
-8.3968,0.35423,35.484
-7.3611,1.0029,34.295
-6.3806,1.462,33.105
-5.4687,1.7663,31.941
-4.6334,1.9498,30.816
-3.7643,2.0515,29.57
-3.0013,2.0696,28.388
-2.3394,2.0349,27.27
-1.7709,1.9712,26.213
-1.1585,1.8733,24.928
-0.66368,1.7804,23.724
-0.26605,1.7093,22.591
0.056113,1.669,21.524
0.2837,1.6619,20.671
0.47995,1.6817,19.857
0.65263,1.7299,19.081
0.80972,1.8072,18.341
0.93875,1.8979,17.727
1.0645,2.0119,17.139
1.1901,2.1505,16.576
1.3189,2.3149,16.039
1.4769,2.5407,15.446
1.6475,2.8074,14.889
1.8347,3.1195,14.37
2.0433,3.482,13.889
2.3221,3.9795,13.38
2.6444,4.5663,12.939
3.0184,5.2558,12.576
3.454,6.0613,12.308
4.0625,7.1797,12.143
4.7893,8.5041,12.19
5.6514,10.047,12.519
6.6644,11.798,13.22
7.7821,13.633,14.339
9.0421,15.537,16.02
10.418,17.352,18.362
11.846,18.832,21.4
12.905,19.543,24.142
13.875,19.726,27.157
14.686,19.258,30.286
15.263,18.082,33.313
15.541,16.211,35.985
15.469,13.809,38.071
15.032,11.098,39.423
14.258,8.2992,39.989
13.272,5.7934,39.853
12.102,3.5855,39.184
10.818,1.7625,38.116
9.4885,0.34652,36.802
8.3773,-0.55294,35.605
7.3048,-1.2157,34.374
6.2918,-1.6781,33.147
5.3522,-1.9797,31.951
4.4631,-2.1635,30.756
3.6645,-2.249,29.616
2.9554,-2.2659,28.534
2.3321,-2.2383,27.506
1.6067,-2.1618,26.184
1.0111,-2.0703,24.948
0.52568,-1.9874,23.789
0.12975,-1.9275,22.698
-0.11445,-1.9029,21.941
-0.32764,-1.8971,21.215
-0.51564,-1.9116,20.517
-0.68415,-1.9471,19.848
-0.83838,-2.0042,19.205
-0.98235,-2.0837,18.588
-1.1198,-2.1866,17.996
-1.2546,-2.3136,17.429
-1.4096,-2.4891,16.813
-1.5697,-2.6996,16.23
-1.739,-2.948,15.68
-1.9216,-3.2374,15.165
-2.1572,-3.631,14.613
-2.4227,-4.0933,14.114
-2.7245,-4.6332,13.678
-3.07,-5.26,13.312
-3.5458,-6.1258,12.987
-4.1065,-7.1467,12.807
-4.7655,-8.3384,12.81
-5.5372,-9.7085,13.049
-6.6577,-11.629,13.763
-7.9824,-13.764,15.109
-9.4968,-15.955,17.258
-11.134,-17.889,20.332
-12.171,-18.775,22.753
-13.156,-19.241,25.487
-14.028,-19.158,28.42
-14.718,-18.44,31.38
-15.161,-17.05,34.147
-15.295,-15.076,36.486
-15.089,-12.676,38.213
-14.547,-10.043,39.225
-13.779,-7.6035,39.513
-12.801,-5.3399,39.243
-11.671,-3.3678,38.516
-10.451,-1.7478,37.463
-9.3283,-0.59884,36.346
-8.2192,0.27772,35.138
-7.1536,0.91283,33.894
-6.1527,1.3476,32.656
-5.3202,1.6032,31.57
-4.5563,1.7576,30.519
-3.8631,1.8349,29.508
-3.2404,1.8558,28.54
-2.4437,1.8192,27.184
-1.7815,1.7375,25.914
-1.2376,1.6406,24.719
-0.79433,1.5481,23.594
-0.52032,1.4895,22.801
-0.28504,1.443,22.04
-0.082522,1.4107,21.308
0.093066,1.3939,20.604
0.24711,1.3932,19.925
0.38378,1.4091,19.272
0.50698,1.4422,18.642
0.62053,1.4926,18.036
0.73761,1.5678,17.4
0.85069,1.6649,16.79
0.96299,1.785,16.205
1.0778,1.9293,15.647
1.209,2.115,15.07
1.35,2.334,14.523
1.5042,2.5901,14.007
1.6753,2.8872,13.524
1.9068,3.3012,12.994
2.1741,3.7906,12.517
2.4844,4.3677,12.102
2.8463,5.0452,11.76
3.3499,5.9867,11.47
3.9537,7.1132,11.334
4.6751,8.4479,11.4
5.5329,10.004,11.739
6.784,12.19,12.643
8.2845,14.642,14.313
10.015,17.142,16.973
11.878,19.244,20.779
12.962,20.04,23.55
13.971,20.325,26.62
14.834,19.968,29.84
15.478,18.896,33.004
15.837,17.101,35.862
15.853,14.724,38.169
15.5,11.972,39.753
14.8,9.0646,40.541
13.873,6.4274,40.584
12.742,4.0531,40.057
11.473,2.0463,39.088
10.133,0.44766,37.831
8.9737,-0.61192,36.628
7.8407,-1.4087,35.372
6.7594,-1.9787,34.109
5.747,-2.3637,32.873
4.7885,-2.6108,31.648
3.9196,-2.743,30.481
3.1413,-2.7931,29.374
2.4512,-2.7884,28.327
1.6388,-2.7312,26.983
0.9639,-2.6505,25.734
0.40726,-2.574,24.568
-0.052074,-2.5203,23.476
-0.35664,-2.5008,22.669
-0.6225,-2.5051,21.9
-0.85723,-2.5356,21.165
-1.0683,-2.5937,20.464
-1.2627,-2.6804,19.794
-1.4456,-2.797,19.157
-1.6219,-2.9449,18.55
-1.7967,-3.1253,17.975
-2.0013,-3.3736,17.354
-2.2153,-3.6698,16.776
-2.4442,-4.0176,16.245
-2.6937,-4.4212,15.762
-3.0167,-4.9651,15.27
-3.3827,-5.5998,14.86
-3.7996,-6.3348,14.547
-4.2766,-7.1786,14.35
-4.9383,-8.3382,14.297
-5.712,-9.6722,14.498
-6.6076,-11.171,15.021
-7.6299,-12.794,15.947
-8.7711,-14.469,17.359
-10.008,-16.055,19.351
-11.29,-17.35,21.952
-12.525,-18.103,25.092
-13.337,-18.15,27.648
-14,-17.671,30.253
-14.455,-16.631,32.738
-14.656,-15.063,34.924
-14.573,-13.066,36.64
-14.196,-10.82,37.775
-13.54,-8.5146,38.29
-12.653,-6.3137,38.216
-11.591,-4.3503,37.65
-10.424,-2.7176,36.711
-9.2179,-1.4458,35.519
-8.0277,-0.51454,34.193
-7.0708,0.043519,33.044
-6.1739,0.42766,31.891
-5.3487,0.67069,30.758
-4.6021,0.80428,29.658
-3.9411,0.8566,28.605
-3.3579,0.85063,27.593
-2.8488,0.80441,26.623
-2.409,0.73216,25.693
-1.9899,0.63292,24.693
-1.6418,0.52491,23.738
-1.3559,0.41565,22.824
-1.1235,0.3097,21.948
-0.93603,0.20921,21.108
-0.78719,0.11559,20.302
-0.67114,0.029201,19.528
-0.58214,-0.050799,18.785
-0.517,-0.12358,18.092
-0.46978,-0.19253,17.425
-0.43791,-0.25883,16.783
-0.4189,-0.32409,16.165
-0.41059,-0.39361,15.538
-0.41319,-0.46533,14.937
-0.42578,-0.54091,14.359
-0.4475,-0.6224,13.805
-0.48253,-0.72458,13.203
-0.52899,-0.83985,12.63
-0.58752,-0.97149,12.083
-0.65898,-1.1234,11.563
-0.76389,-1.339,10.973
-0.89309,-1.5988,10.42
-1.0512,-1.9134,9.9064
-1.2442,-2.2957,9.4336
-1.6027,-2.9989,8.8321
-2.0782,-3.9372,8.3462
-2.7077,-5.1886,8.0233
-3.5459,-6.8399,7.9496
-4.4513,-8.5886,8.179
-5.588,-10.747,8.811
-6.9928,-13.319,10.043
-8.6859,-16.201,12.148
-10.06,-18.316,14.347
-11.544,-20.278,17.256
-13.077,-21.824,20.909
-14.557,-22.629,25.214
-15.557,-22.533,28.766
-16.374,-21.701,32.359
-16.936,-20.09,35.756
-17.184,-17.752,38.716
-17.077,-14.833,41.006
-16.6,-11.595,42.485
-15.772,-8.3057,43.119
-14.648,-5.1937,42.964
-13.639,-3.0623,42.406
-12.537,-1.1997,41.561
-11.376,0.37059,40.509
-10.191,1.6505,39.328
-9.009,2.6612,38.084
-7.8556,3.4314,36.823
-6.7492,3.9951,35.582
-5.7032,4.3887,34.384
-4.4004,4.7128,32.857
-3.2333,4.8632,31.446
-2.2025,4.9004,30.153
-1.3026,4.8718,28.969
-0.42467,4.8034,27.74
0.3174,4.73,26.619
0.94361,4.6766,25.592
1.4749,4.6594,24.646
1.9484,4.6897,23.742
2.3604,4.7757,22.91
2.7273,4.9219,22.147
3.0661,5.1302,21.45
3.3743,5.385,20.852
3.679,5.6974,20.317
3.9884,6.0688,19.847
4.3106,6.4992,19.449
4.7093,7.0708,19.084
5.1423,7.7221,18.836
5.6161,8.4511,18.721
6.1367,9.2511,18.758
6.8323,10.294,19.031
7.6007,11.393,19.598
8.4327,12.492,20.497
9.3087,13.511,21.75
10.11,14.276,23.184
10.884,14.795,24.878
11.584,14.975,26.763
12.159,14.747,28.728
12.558,14.068,30.631
12.73,12.973,32.301
12.646,11.547,33.596
12.307,9.9094,34.424
11.789,8.3439,34.739
11.108,6.8541,34.644
10.31,5.5288,34.191
9.4432,4.4235,33.461
8.5871,3.5825,32.575
7.7511,2.9584,31.572
6.9647,2.5324,30.504
6.2485,2.2735,29.412
5.6191,2.148,28.331
5.0767,2.1293,27.27
4.6224,2.1946,26.241
4.2545,2.3254,25.25
3.9187,2.5518,24.111
3.6925,2.84,23.037
3.5675,3.182,22.034
3.534,3.5775,21.106
3.5936,4.0857,20.168
3.7525,4.6733,19.339
4.0099,5.3513,18.632
4.3639,6.1351,18.067
4.7848,6.9797,17.691
5.2983,7.9376,17.492
5.9086,9.0095,17.509
6.6175,10.185,17.787
7.7483,11.927,18.675
9.0406,13.655,20.313
10.423,15.089,22.774
11.736,15.838,25.937
12.381,15.784,27.971
12.881,15.306,30.005
13.191,14.396,31.9
13.279,13.095,33.52
13.125,11.495,34.741
12.731,9.7407,35.492
12.12,7.9747,35.754
11.334,6.3185,35.561
10.404,4.8338,34.978
9.4076,3.6233,34.098
8.4023,2.7037,33.016
7.433,2.0535,31.824
6.6409,1.6706,30.748
5.9176,1.4343,29.665
5.272,1.3168,28.594
4.7083,1.2917,27.548
4.1852,1.3438,26.442
3.7557,1.4587,25.378
3.414,1.6202,24.36
3.1529,1.8175,23.389
2.9591,2.0528,22.434
2.8359,2.3166,21.529
2.7771,2.6085,20.674
2.7767,2.9312,19.871
2.8298,3.2899,19.122
2.9348,3.6896,18.43
3.0909,4.137,17.797
3.2978,4.6403,17.231
3.6094,5.3191,16.659
3.9987,6.1024,16.206
4.4724,7.0035,15.898
5.0371,8.0328,15.765
5.9793,9.6695,15.942
7.128,11.543,16.682
8.4769,13.543,18.149
9.9731,15.415,20.481
10.893,16.315,22.315
11.786,16.919,24.447
12.604,17.116,26.804
13.288,16.82,29.261
13.779,15.973,31.652
14.02,14.608,33.777
13.97,12.821,35.461
13.626,10.75,36.589
13.061,8.7452,37.09
12.293,6.8157,37.088
11.371,5.0771,36.649
10.348,3.6036,35.868
9.3386,2.4794,34.913
8.3319,1.6146,33.823
7.3621,0.98805,32.66
6.4542,0.56338,31.472
5.66,0.30791,30.344
4.9448,0.16985,29.24
4.3116,0.12158,28.168
3.7603,0.13943,27.134
3.2558,0.2105,26.069
2.835,0.31863,25.048
2.4906,0.45104,24.072
2.2145,0.59912,23.137
1.9556,0.79632,22.04
1.7756,1.0049,21
1.6641,1.2234,20.015
1.6102,1.4553,19.083
1.6029,1.6652,18.338
1.6285,1.8915,17.629
1.6851,2.1383,16.957
1.7712,2.4107,16.321
1.8994,2.7467,15.666
2.0642,3.1283,15.059
2.2679,3.5647,14.503
2.5138,4.0659,14.004
2.9086,4.8419,13.447
3.3973,5.7773,13.025
3.9956,6.9002,12.775
4.7222,8.2351,12.751
5.6697,9.9253,13.06
6.8118,11.883,13.849
8.1555,14.038,15.277
9.6788,16.207,17.512
10.744,17.497,19.478
11.824,18.534,21.856
12.871,19.172,24.602
13.818,19.268,27.607
14.594,18.696,30.703
15.114,17.415,33.634
15.311,15.479,36.151
15.151,13.025,38.05
14.702,10.579,39.105
13.984,8.1094,39.529
13.039,5.7866,39.369
11.927,3.7356,38.725
10.781,2.1132,37.792
9.5953,0.81736,36.647
8.4175,-0.16367,35.38
7.2828,-0.8686,34.067
6.3396,-1.3023,32.912
5.4623,-1.5915,31.781
4.6577,-1.7668,30.685
3.9291,-1.8559,29.633
3.1046,-1.8816,28.348
2.3983,-1.8429,27.136
1.8006,-1.7696,25.992
1.2995,-1.6835,24.911
0.92709,-1.6085,24.005
0.61076,-1.5416,23.139
0.34241,-1.4877,22.311
0.11387,-1.4496,21.516
-0.082504,-1.429,20.754
-0.2526,-1.4272,20.023
-0.4019,-1.445,19.32
-0.53581,-1.4828,18.645
-0.65868,-1.5404,18
-0.77461,-1.6186,17.381
-0.88695,-1.7185,16.786
-0.99912,-1.8406,16.217
-1.1228,-1.9978,15.634
-1.253,-2.1843,15.079
-1.3926,-2.4029,14.552
-1.5453,-2.6567,14.056
-1.7484,-3.0092,13.506
-1.98,-3.4248,13.003
-2.2459,-3.9131,12.551
-2.5534,-4.4843,12.159
-2.9792,-5.278,11.788
-3.4863,-6.2256,11.535
-4.0894,-7.3495,11.435
-4.8054,-8.6679,11.535
-5.8252,-10.498,12.001
-7.0535,-12.618,12.989
-8.4977,-14.942,14.679
-10.13,-17.251,17.258
-11.236,-18.559,19.437
-12.352,-19.579,22.036
-13.424,-20.154,25.003
-14.385,-20.14,28.216
-15.161,-19.412,31.49
-15.668,-17.941,34.558
-15.838,-15.796,37.16
-15.639,-13.132,39.094
-15.145,-10.49,40.147
-14.372,-7.8442,40.535
-13.368,-5.3723,40.315
-12.192,-3.2017,39.598
-10.998,-1.5096,38.606
-9.7658,-0.15792,37.41
-8.5398,0.86797,36.102
-7.3559,1.6089,34.754
-6.3861,2.0613,33.599
-5.4787,2.3695,32.472
-4.6406,2.5635,31.386
-3.8754,2.6702,30.346
-2.8875,2.7174,28.912
-2.0474,2.6842,27.578
-1.3414,2.613,26.335
-0.75338,2.534,25.174
-0.36707,2.4799,24.324
-0.032207,2.439,23.513
0.25892,2.4158,22.739
0.51398,2.4133,21.999
0.74019,2.4334,21.29
0.94337,2.4775,20.612
1.129,2.547,19.962
1.3024,2.6426,19.341
1.4851,2.7791,18.689
1.6641,2.9499,18.071
1.8441,3.1568,17.487
2.03,3.4019,16.937
2.2573,3.7337,16.351
2.5043,4.1241,15.815
2.7769,4.5789,15.335
3.0816,5.1042,14.917
3.489,5.8187,14.518
3.9593,6.6523,14.234
4.5022,7.6161,14.091
5.1289,8.717,14.123
6.0183,10.241,14.456
7.0595,11.955,15.211
8.2525,13.79,16.501
9.5757,15.603,18.433
10.597,16.79,20.297
11.624,17.722,22.547
12.608,18.259,25.132
13.485,18.272,27.938
14.184,17.65,30.797
14.626,16.374,33.466
14.75,14.511,35.711
14.532,12.201,37.353
14.053,9.9487,38.211
13.328,7.7053,38.491
12.404,5.6198,38.246
11.336,3.7983,37.57
10.245,2.3653,36.643
9.1299,1.2326,35.53
8.0324,0.38527,34.31
6.9848,-0.2143,33.049
6.0962,-0.58451,31.907
5.2782,-0.81952,30.786
4.5368,-0.94914,29.698
3.874,-0.99995,28.65
3.2345,-0.9915,27.547
2.6832,-0.93767,26.493
2.2133,-0.85634,25.488
1.8169,-0.76077,24.527
1.4959,-0.66352,23.64
1.2281,-0.56709,22.788
1.0064,-0.47528,21.971
0.82418,-0.39017,21.185
0.67503,-0.31248,20.428
0.55419,-0.24274,19.7
0.4573,-0.18087,18.998
0.38013,-0.1261,18.322
0.31752,-0.076145,17.654
0.26921,-0.031878,17.009
0.23282,0.0075716,16.389
0.20608,0.043382,15.791
0.18583,0.079331,15.17
0.17331,0.11331,14.574
0.16739,0.14632,14.001
0.16694,0.17957,13.451
0.17194,0.2189,12.856
0.18254,0.26123,12.287
0.19859,0.30794,11.744
0.21992,0.36074,11.226
0.2518,0.43282,10.648
0.29216,0.51857,10.1
0.34234,0.62152,9.5818
0.40401,0.74611,9.0917
0.49881,0.93611,8.5283
0.61975,1.1784,8.0052
0.77402,1.4886,7.523
0.97154,1.8866,7.084
1.225,2.3966,6.6943
1.5495,3.0525,6.3618
1.9651,3.8965,6.1045
2.4992,4.9791,5.9538
3.1623,6.3125,5.9579
4.0046,7.9972,6.1789
5.0673,10.092,6.7359
6.3941,12.626,7.8138
7.5993,14.827,9.1286
8.987,17.209,11.035
10.546,19.628,13.682
12.23,21.829,17.189
13.508,23.113,20.368
14.756,23.892,24
15.904,23.978,27.964
16.869,23.222,32.053
17.566,21.531,35.991
17.908,18.971,39.44
17.836,15.724,42.117
17.338,12.039,43.844
16.541,8.6107,44.531
15.456,5.3504,44.451
14.144,2.4389,43.73
12.676,-0.015165,42.536
11.316,-1.7639,41.246
9.9353,-3.1435,39.831
8.5729,-4.186,38.373
7.2576,-4.9402,36.934
5.9562,-5.4804,35.493
4.7449,-5.8198,34.138
3.6326,-6.0087,32.883
2.6228,-6.0903,31.727
1.3625,-6.0899,30.25
0.29004,-6.0169,28.942
-0.61498,-5.9232,27.777
-1.376,-5.8443,26.735
-2.0644,-5.7991,25.728
-2.6434,-5.81,24.825
-3.1376,-5.8864,24.016
-3.5723,-6.0326,23.293
-3.9344,-6.226,22.708
-4.2766,-6.4772,22.193
-4.6093,-6.7856,21.749
-4.9425,-7.1493,21.379
-5.3326,-7.6259,21.056
-5.7417,-8.1665,20.845
-6.1756,-8.7649,20.759
-6.6396,-9.4107,20.808
-7.2364,-10.224,21.061
-7.8759,-11.053,21.551
-8.5481,-11.852,22.292
-9.2361,-12.562,23.286
-9.9257,-13.121,24.537
-10.567,-13.433,25.986
-11.114,-13.428,27.554
-11.523,-13.065,29.127
-11.752,-12.336,30.574
-11.768,-11.303,31.758
-11.558,-10.061,32.579
-11.14,-8.7205,32.985
-10.578,-7.4593,32.985
-9.8988,-6.3206,32.644
-9.1539,-5.3658,32.02
-8.3899,-4.6243,31.194
-7.692,-4.1199,30.304
-7.0432,-3.7886,29.346
-6.4629,-3.6105,28.358
-5.9639,-3.5602,27.369
-5.535,-3.6183,26.355
-5.2028,-3.7721,25.378
-4.9656,-4.0064,24.45
-4.8202,-4.3109,23.582
-4.7594,-4.7435,22.663
-4.8088,-5.2601,21.849
-4.9646,-5.8609,21.156
-5.2213,-6.5502,20.602
-5.5748,-7.3322,20.212
-6.0264,-8.2056,20.015
-6.5742,-9.1606,20.045
-7.2123,-10.176,20.339
-8.0845,-11.428,21.091
-9.0407,-12.59,22.34
-10.022,-13.492,24.088
-10.932,-13.939,26.231
-11.453,-13.882,27.826
-11.842,-13.487,29.406
-12.064,-12.754,30.859
-12.094,-11.724,32.076
-11.922,-10.476,32.964
-11.554,-9.124,33.471
-11.014,-7.7783,33.587
-10.341,-6.532,33.342
-9.5427,-5.4036,32.767
-8.7064,-4.5067,31.945
-7.8828,-3.8528,30.952
-7.111,-3.4222,29.868
-6.4902,-3.1969,28.875
-5.9446,-3.0988,27.877
-5.4806,-3.1063,26.893
-5.1008,-3.1996,25.938
-4.7595,-3.3987,24.859
-4.5283,-3.6791,23.843
-4.4014,-4.0307,22.897
-4.3717,-4.4497,22.032
-4.4695,-5.1188,21.017
-4.724,-5.9185,20.189
-5.1354,-6.857,19.584
-5.6956,-7.9469,19.255
-6.2594,-8.9501,19.234
-6.9228,-10.037,19.485
-7.679,-11.17,20.052
-8.5117,-12.29,20.974
-9.296,-13.205,22.116
-10.089,-13.949,23.559
-10.849,-14.423,25.265
-11.525,-14.536,27.15
-12.059,-14.21,29.09
-12.39,-13.432,30.909
-12.472,-12.247,32.439
-12.289,-10.752,33.55
-11.91,-9.287,34.114
-11.352,-7.8243,34.269
-10.652,-6.4657,34.042
-9.8567,-5.2849,33.499
-9.0176,-4.3245,32.723
-8.1779,-3.5909,31.783
-7.3749,-3.0746,30.742
-6.6356,-2.7472,29.653
-6.0068,-2.578,28.606
-5.46,-2.525,27.569
-4.9987,-2.5654,26.557
-4.6229,-2.68,25.58
-4.2817,-2.8943,24.465
-4.0503,-3.1785,23.415
-3.9212,-3.5238,22.435
-3.8859,-3.928,21.53
-3.956,-4.4978,20.554
-4.1467,-5.1658,19.712
-4.4573,-5.943,19.026
-4.8844,-6.8455,18.527
-5.361,-7.762,18.271
-5.9357,-8.7875,18.229
-6.6096,-9.9116,18.442
-7.3795,-11.107,18.96
-8.2837,-12.391,19.886
-9.2606,-13.598,21.256
-10.266,-14.588,23.081
-11.231,-15.192,25.301
-11.891,-15.283,27.2
-12.424,-14.977,29.141
-12.783,-14.251,30.995
-12.932,-13.131,32.625
-12.848,-11.692,33.9
-12.527,-10.067,34.735
-11.985,-8.3945,35.098
-11.263,-6.797,35.006
-10.371,-5.317,34.502
-9.4024,-4.1031,33.675
-8.4195,-3.1811,32.62
-7.4709,-2.5344,31.44
-6.7123,-2.1656,30.388
-6.0224,-1.9432,29.324
-5.4107,-1.8404,28.268
-4.8816,-1.8318,27.236
-4.3903,-1.9066,26.125
-3.9971,-2.0504,25.059
-3.696,-2.2474,24.042
-3.4799,-2.4879,23.077
-3.3366,-2.7793,22.128
-3.2703,-3.1107,21.238
-3.2756,-3.4836,20.41
-3.3471,-3.9027,19.648
-3.481,-4.3755,18.957
-3.6773,-4.9087,18.344
-3.9369,-5.5106,17.818
-4.261,-6.1902,17.393
-4.7523,-7.145,17.031
-5.3533,-8.2417,16.886
-6.0707,-9.4799,17.009
-6.9071,-10.841,17.464
-7.9008,-12.343,18.363
-9.0038,-13.828,19.788
-10.174,-15.131,21.787
-11.332,-16.03,24.325
-12.104,-16.284,26.435
-12.758,-16.103,28.65
-13.239,-15.437,30.825
-13.499,-14.295,32.801
-13.505,-12.739,34.415
-13.24,-10.918,35.545
-12.714,-8.9926,36.134
-11.967,-7.1116,36.187
-11.014,-5.3453,35.752
-9.9534,-3.8727,34.926
-8.8547,-2.7349,33.821
-7.7767,-1.9196,32.562
-6.929,-1.4523,31.471
-6.1458,-1.1472,30.365
-5.4383,-0.97437,29.268
-4.8128,-0.90474,28.195
-4.2415,-0.91516,27.095
-3.7602,-0.99032,26.035
-3.3639,-1.1125,25.018
-3.0462,-1.2688,24.045
-2.7756,-1.4732,23.011
-2.5838,-1.7033,22.029
-2.4628,-1.956,21.099
-2.4042,-2.2325,20.219
-2.401,-2.5368,19.391
-2.45,-2.873,18.615
-2.549,-3.2471,17.893
-2.6963,-3.6672,17.228
-2.9057,-4.1753,16.59
-3.1724,-4.7568,16.029
-3.5005,-5.4237,15.558
-3.895,-6.1885,15.192
-4.5401,-7.3883,14.902
-5.3352,-8.8118,14.907
-6.2957,-10.46,15.303
-7.4301,-12.289,16.21
-8.5408,-13.939,17.501
-9.7532,-15.52,19.364
-11.018,-16.837,21.834
-12.245,-17.642,24.851
-13.052,-17.748,27.31
-13.717,-17.348,29.835
-14.183,-16.403,32.261
-14.403,-14.937,34.413
-14.345,-13.042,36.12
-13.996,-10.891,37.268
-13.373,-8.6662,37.812
-12.517,-6.5302,37.776
-11.479,-4.6026,37.244
-10.335,-2.9976,36.334
-9.1505,-1.7484,35.163
-7.9822,-0.83679,33.852
-7.0464,-0.29444,32.714
-6.1714,0.075881,31.571
-5.369,0.30654,30.443
-4.646,0.42887,29.346
-4.0187,0.47054,28.312
-3.467,0.4557,27.315
-2.9876,0.40117,26.358
-2.5757,0.32015,25.439
-2.1885,0.21031,24.455
-1.8699,0.089234,23.514
-1.6119,-0.036445,22.613
-1.4063,-0.16294,21.749
-1.2454,-0.28876,20.92
-1.1236,-0.41309,20.125
-1.0356,-0.53621,19.361
-0.97643,-0.65962,18.628
-0.94188,-0.78524,17.926
-0.92943,-0.91508,17.252
-0.93702,-1.0514,16.606
-0.96278,-1.1972,15.986
-1.0076,-1.3625,15.369
-1.0706,-1.5448,14.779
-1.1522,-1.7481,14.218
-1.2527,-1.9767,13.686
-1.404,-2.3,13.071
-1.5895,-2.6792,12.502
-1.8139,-3.1262,11.984
-2.0833,-3.6547,11.521
-2.6007,-4.6514,10.944
-3.2746,-5.9438,10.566
-4.1451,-7.6041,10.477
-5.2648,-9.6874,10.827
-6.5595,-11.997,11.718
-8.1414,-14.649,13.434
-9.9973,-17.415,16.248
-12.021,-19.77,20.38
-13.134,-20.616,23.236
-14.175,-20.945,26.409
-15.075,-20.619,29.75
-15.76,-19.557,33.052
-16.161,-17.743,36.061
-16.216,-15.311,38.521
-15.896,-12.465,40.246
-15.218,-9.4316,41.152
-14.303,-6.6657,41.274
-13.17,-4.154,40.8
-11.886,-2.0115,39.856
-10.519,-0.28784,38.601
-9.3223,0.86943,37.381
-8.146,1.7481,36.101
-7.0168,2.3842,34.811
-5.9536,2.8208,33.547
-4.9229,3.1123,32.274
-3.9853,3.2739,31.064
-3.1427,3.3425,29.923
-2.3935,3.3489,28.849
-1.5211,3.3011,27.5
-0.79132,3.2266,26.253
-0.18458,3.1558,25.095
0.32025,3.1092,24.016
0.67828,3.0973,23.171
0.99058,3.115,22.371
1.2666,3.1658,21.612
1.5159,3.2515,20.893
1.7471,3.3735,20.213
1.9666,3.5335,19.571
2.1807,3.7332,18.967
2.3956,3.9741,18.403
2.6498,4.3021,17.807
2.9191,4.6902,17.267
3.21,5.1427,16.789
3.5293,5.6638,16.38
3.9457,6.3615,16
4.4183,7.1665,15.743
4.9555,8.0845,15.631
5.5659,9.1162,15.695
6.4248,10.527,16.064
7.4109,12.072,16.836
8.5172,13.674,18.1
9.7165,15.197,19.926
10.659,16.184,21.71
11.587,16.896,23.82
12.451,17.216,26.191
13.192,17.043,28.704
13.748,16.301,31.194
14.054,15.007,33.448
14.063,13.246,35.278
13.766,11.154,36.547
13.241,9.1294,37.151
12.503,7.1554,37.242
11.6,5.3555,36.876
10.584,3.8122,36.147
9.5648,2.6154,35.217
8.5402,1.6865,34.134
7.5471,1.0068,32.966
6.6125,0.5402,31.766
5.8007,0.25644,30.638
5.066,0.095328,29.53
4.4124,0.028645,28.453
3.8403,0.031885,27.415
3.3172,0.08989,26.351
2.8774,0.18685,25.332
2.5137,0.30928,24.355
2.2187,0.44783,23.421
1.9792,0.60041,22.505
1.7958,0.76023,21.629
1.6616,0.92555,20.79
1.5703,1.0968,19.987
1.5161,1.2758,19.219
1.4955,1.4645,18.485
1.5057,1.6657,17.785
1.5441,1.8831,17.117
1.6141,2.1384,16.442
1.7142,2.4225,15.804
1.8447,2.7417,15.207
2.0068,3.103,14.651
2.2492,3.6106,14.036
2.5472,4.2076,13.495
2.9085,4.9112,13.041
3.3426,5.74,12.692
4.2686,7.4461,12.414
5.4972,9.6702,12.689
7.0771,12.419,13.812
9.0285,15.451,16.207
10.122,16.912,18.014
11.259,18.188,20.278
12.393,19.123,22.984
13.46,19.548,26.049
14.382,19.298,29.326
15.063,18.273,32.547
15.417,16.48,35.425
15.392,14.036,37.708
15.04,11.545,39.051
14.392,8.9575,39.724
13.485,6.4695,39.752
12.379,4.2317,39.227
11.212,2.4324,38.346
9.9864,0.98124,37.208
8.7558,-0.12548,35.917
7.5615,-0.92581,34.561
6.5895,-1.4108,33.396
5.6805,-1.7413,32.25
4.8429,-1.9486,31.14
4.081,-2.062,30.074
3.2082,-2.11,28.762
2.4575,-2.085,27.528
1.8194,-2.02,26.366
1.2823,-1.9391,25.27
0.90165,-1.8714,24.401
0.57414,-1.8107,23.571
0.29254,-1.7619,22.775
0.049573,-1.728,22.012
