,Price
0,502.665
1,488.836
2,479.421
3,477.176
4,475.398
5,481.297
6,484.581
7,481.482
8,481.745
9,470.073
10,466.454
11,482.398
12,475.58
13,472.322
14,475.441
15,476.655
16,474.915
17,467.61300000000006
18,456.38
19,438.518
20,405.935
21,410.022
22,401.12
23,400.275
24,407.475
25,428.517
26,411.195
27,404.503
28,401.439
29,390.912
30,377.415
31,379.119
32,384.11800000000005
33,377.698
34,367.304
35,345.8780000000001
36,315.801
37,322.456
38,328.3130000000001
39,339.094
40,364.531
41,362.28
42,359.3880000000001
43,362.544
44,378.689
45,402.084
46,393.788
47,386.265
48,379.451
49,384.702
50,388.404
51,382.291
52,383.996
53,382.802
54,367.289
55,355.716
56,349.089
57,351.284
58,352.7940000000001
59,352.906
60,344.899
61,337.866
62,341.339
63,329.102
64,324.34
65,327.819
66,325.84
67,336.991
68,342.284
69,344.945
70,343.176
71,349.881
72,365.791
73,366.689
74,394.94
75,428.535
76,397.306
77,386.82
78,384.374
79,397.121
80,381.052
81,378.646
82,365.837
83,351.592
84,356.53
85,358.505
86,374.924
87,383.251
88,371.775
89,370.752
90,369.434
91,378.702
92,377.846
93,379.647
94,381.317
95,378.7
96,374.17
97,372.93300000000005
98,374.9380000000001
99,375.025
100,368.947
101,352.726
102,349.289
103,351.872
104,350.835
105,347.5
106,348.199
107,347.166
108,335.1690000000001
109,323.149
110,312.6620000000001
111,312.341
112,324.713
113,323.943
114,328.083
115,332.744
116,329.1880000000001
117,319.032
118,323.135
119,318.737
120,315.441
121,314.822
122,311.944
123,312.724
124,315.626
125,314.346
126,303.591
127,274.82
128,272.076
129,276.10400000000004
130,287.178
131,287.5420000000001
132,283.7940000000001
133,280.21
134,273.146
135,269.036
136,239.441
137,197.577
138,205.937
139,211.756
140,200.604
141,205.929
142,211.824
143,210.64
144,214.636
145,232.311
146,229.752
147,237.146
148,248.51
149,281.323
150,261.244
151,252.788
152,232.4
153,232.471
154,227.909
155,218.482
156,226.795
157,236.83
158,225.308
159,222.448
160,219.936
161,225.863
162,224.9
163,220.946
164,218.176
165,220.585
166,219.338
167,231.691
168,246.158
169,250.235
170,234.532
171,238.71
172,239.529
173,237.832
174,242.991
175,244.115
176,241.202
177,236.11900000000003
178,238.067
179,237.006
180,235.973
181,250.348
182,252.709
183,251.478
184,262.486
185,275.36400000000003
186,278.934
187,270.497
188,272.846
189,273.282
190,275.22700000000003
191,281.962
192,293.828
193,293.97
194,294.297
195,291.01
196,283.365
197,283.896
198,290.818
199,288.825
200,273.617
201,257.124
202,260.716
203,259.368
204,261.797
205,267.213
206,256.186
207,244.675
208,248.965
209,247.396
210,251.271
211,245.128
212,245.129
213,245.298
214,243.148
215,248.23
216,253.57
217,252.689
218,255.001
219,257.67
220,253.05900000000003
221,248.466
222,243.593
223,237.873
224,235.894
225,235.993
226,232.263
227,220.026
228,220.804
229,226.535
230,224.203
231,222.465
232,224.044
233,223.80900000000003
234,225.98
235,235.296
236,234.356
237,231.602
238,228.42
239,218.799
240,221.019
241,225.576
242,225.106
243,231.562
244,235.075
245,234.385
246,239.501
247,240.104
248,235.564
249,234.61900000000003
250,232.198
251,240.039
252,242.641
253,241.37
254,241.467
255,241.493
256,242.205
257,236.365
258,237.222
259,236.928
260,236.816
261,236.105
262,232.979
263,233.256
264,235.065
265,237.015
266,240.003
267,239.853
268,238.622
269,237.372
270,237.443
271,237.222
272,236.889
273,234.263
274,232.298
275,227.302
276,224.221
277,226.123
278,225.462
279,224.648
280,225.153
281,224.866
282,226.036
283,229.474
284,229.253
285,229.8
286,230.569
287,230.832
288,233.557
289,235.626
290,241.816
291,250.867
292,248.304
293,247.452
294,243.001
295,243.39
296,245.632
297,245.012
298,243.21400000000003
299,242.511
300,242.731
301,246.389
302,249.74
303,252.903
304,262.642
305,260.055
306,257.569
307,256.101
308,257.741
309,264.51
310,271.941
311,267.655
312,268.562
313,269.981
314,281.268
315,291.386
316,304.274
317,293.763
318,290.261
319,290.258
320,282.262
321,277.177
322,277.466
323,274.834
324,276.116
325,278.551
326,276.546
327,277.064
328,282.7290000000001
329,288.564
330,290.788
331,291.318
332,294.087
333,290.8040000000001
334,287.751
335,284.668
336,280.98
337,280.317
338,282.591
339,283.586
340,282.593
341,279.10900000000004
342,278.091
343,272.54200000000003
344,263.326
345,264.516
346,265.458
347,267.668
348,264.053
349,264.837
350,264.722
351,258.969
352,257.85400000000004
353,253.79
354,231.748
355,232.887
356,233.452
357,229.848
358,229.287
359,219.892
360,213.673
361,225.249
362,225.623
363,227.685
364,230.117
365,229.659
366,228.792
367,228.197
368,228.016
369,227.614
370,229.058
371,231.93400000000003
372,239.717
373,240.53
374,243.394
375,240.462
376,238.539
377,239.916
378,238.114
379,232.617
380,230.218
381,230.152
382,228.705
383,230.686
384,233.043
385,231.588
386,230.94
387,228.015
388,228.689
389,230.404
390,232.239
391,235.295
392,234.051
393,233.409
394,237.125
395,237.937
396,236.866
397,236.899
398,237.726
399,238.381
400,238.794
401,238.724
402,243.136
403,245.262
404,243.701
405,243.629
406,244.579
407,245.811
408,246.638
409,247.404
410,251.284
411,254.488
412,259.868
413,269.135
414,266.726
415,263.775
416,267.214
417,268.111
418,271.908
419,276.61
420,279.731
421,289.505
422,284.408
423,292.005
424,301.252
425,309.563
426,324.762
427,321.941
428,316.3590000000001
429,335.73800000000006
430,384.145
431,449.287
432,401.566
433,372.194
434,383.625
435,382.2
436,374.932
437,365.764
438,315.768
439,327.694
440,333.68300000000005
441,333.4480000000001
442,328.106
443,322.131
444,334.5019999999999
445,333.66
446,330.832
447,319.889
448,324.813
449,324.123
450,322.867
451,320.608
452,322.3640000000001
453,342.4840000000001
454,355.977
455,354.843
456,360.479
457,376.271
458,367.19
459,355.655
460,361.925
461,359.977
462,374.789
463,393.696
464,393.935
465,395.33
466,417.576
467,415.562
468,432.05800000000005
469,432.019
470,435.76
471,441.485
472,456.742
473,456.521
474,455.108
475,459.385
476,462.587
477,453.641
478,437.468
479,439.047
480,440.857
481,454.111
482,454.511
483,428.423
484,417.265
485,424.11300000000006
486,425.095
487,428.98800000000006
488,425.418
489,432.258
490,433.24
491,429.271
492,431.819
493,432.241
494,429.829
495,447.946
496,454.849
497,449.909
498,444.408
499,447.174
500,445.538
501,428.513
502,430.349
503,403.973
504,371.323
505,384.435
506,383.0
507,383.472
508,392.939
509,414.174
510,393.566
511,388.784
512,396.316
513,396.252
514,393.133
515,394.257
516,383.843
517,375.98800000000006
518,378.256
519,377.724
520,373.237
521,374.287
522,372.194
523,378.35
524,387.86
525,377.282
526,377.566
527,376.95
528,374.584
529,379.689
530,380.995
531,382.955
532,389.825
533,400.002
534,404.62
535,404.798
536,414.783
537,420.74300000000005
538,420.701
539,430.082
540,438.567
541,437.065
542,427.514
543,421.19
544,423.3
545,424.262
546,432.256
547,429.127
548,436.765
549,434.676
550,431.575
551,421.323
552,419.557
553,403.989
554,404.42
555,409.784
556,412.669
557,411.941
558,413.802
559,419.577
560,413.346
561,412.764
562,414.027
563,415.778
564,415.443
565,418.234
566,413.077
567,407.531
568,410.271
569,409.752
570,415.288
571,416.991
572,415.821
573,415.36
574,416.249
575,419.4380000000001
576,423.456
577,417.945
578,412.853
579,414.983
580,415.156
581,418.138
582,417.978
583,418.564
584,420.973
585,421.292
586,420.006
587,420.314
588,416.93300000000005
589,418.889
590,420.07
591,423.767
592,423.615
593,423.23
594,426.47
595,429.73800000000006
596,427.826
597,427.315
598,428.717
599,436.562
600,443.215
601,445.474
602,445.852
603,452.604
604,457.376
605,463.109
606,458.712
607,444.29
608,449.257
609,451.828
610,449.954
611,446.236
612,446.352
613,446.98800000000006
614,446.657
615,451.464
616,457.98800000000006
617,457.595
618,458.102
619,454.7480000000001
620,452.584
621,451.025
622,454.247
623,455.025
624,455.975
625,455.809
626,453.459
627,453.949
628,449.494
629,441.529
630,442.068
631,441.268
632,441.669
633,445.089
634,448.097
635,450.845
636,472.112
637,496.908
638,522.366
639,533.135
640,535.4159999999998
641,532.201
642,534.594
643,551.979
644,571.159
645,573.875
646,580.536
647,579.599
648,574.524
649,574.28
650,573.047
651,579.549
652,638.456
653,686.885
654,685.852
655,682.671
656,734.99
657,744.823
658,748.164
659,753.295
660,747.682
661,681.946
662,649.939
663,588.9259999999998
664,652.469
665,669.2869999999998
666,640.632
667,637.878
668,647.563
669,633.786
670,651.127
671,674.2510000000002
672,683.826
673,673.449
674,668.6239999999998
675,669.77
676,670.711
677,640.923
678,644.648
679,649.595
680,645.327
681,646.33
682,653.631
683,659.574
684,655.688
685,658.89
686,660.703
687,667.4639999999998
688,675.1339999999999
689,668.951
690,667.413
691,662.495
692,659.5210000000002
693,653.6659999999998
694,656.306
695,656.1189999999998
696,651.943
697,652.979
698,654.826
699,655.2180000000002
700,655.252
701,636.085
702,620.444
703,595.245
704,552.184
705,572.822
706,573.026
707,575.443
708,589.396
709,589.0319999999998
710,586.113
711,589.594
712,592.19
713,586.987
714,586.74
715,576.2719999999998
716,569.003
717,571.996
718,574.509
719,573.871
720,574.592
721,577.7080000000002
722,580.948
723,582.629
724,584.169
725,580.74
726,575.66
727,578.283
728,574.184
729,572.17
730,574.891
731,576.744
732,574.462
733,573.069
734,573.174
735,579.773
736,604.2080000000002
737,605.63
738,606.793
739,610.021
740,621.285
741,622.6030000000002
742,623.9019999999998
743,620.306
744,607.225
745,609.126
746,610.447
747,609.706
748,608.3480000000002
749,607.443
750,607.971
751,609.9259999999998
752,608.701
753,597.9159999999998
754,597.849
755,599.46
756,603.368
757,602.605
758,604.645
759,605.886
760,604.8009999999998
761,604.65
762,604.894
763,611.559
764,610.758
765,610.721
766,609.337
767,610.4780000000002
768,611.072
769,613.763
770,617.237
771,616.581
772,616.2959999999998
773,631.621
774,637.312
775,635.764
776,636.521
777,639.211
778,639.793
779,638.715
780,637.034
781,632.653
782,628.962
783,631.236
784,641.524
785,653.664
786,650.557
787,654.64
788,665.07
789,682.275
790,685.3560000000001
791,705.335
792,704.7860000000002
793,698.831
794,720.1210000000002
795,724.827
796,724.0989999999998
797,698.7919999999998
798,702.682
799,708.671
800,703.872
801,705.7610000000002
802,724.306
803,714.235
804,714.44
805,708.5419999999998
806,696.1360000000002
807,701.676
808,709.94
809,721.6519999999998
810,742.568
811,742.5219999999998
812,747.6460000000002
813,740.325
814,734.423
815,741.868
816,742.446
817,738.4910000000001
818,734.9830000000002
819,734.7860000000002
820,732.6310000000002
821,732.658
822,732.3739999999998
823,737.7589999999999
824,747.59
825,767.6569999999998
826,764.4830000000002
827,764.0110000000002
828,754.931
829,755.702
830,760.565
831,766.6519999999998
832,768.4939999999998
833,771.9910000000001
834,767.304
835,774.3710000000002
836,777.648
837,776.7139999999998
838,776.7080000000002
839,779.035
840,786.632
841,787.6619999999998
842,789.416
843,789.909
844,811.0210000000002
845,852.382
846,894.707
847,897.765
848,871.821
849,896.85
850,911.027
851,950.293
852,965.624
853,950.955
854,952.778
855,970.988
856,1010.0
857,1017.0
858,1075.0
859,1045.0
860,927.984
861,865.388
862,908.784
863,890.7280000000002
864,899.0889999999998
865,843.3580000000002
866,781.2919999999998
867,805.197
868,825.581
869,816.1419999999998
870,825.8610000000001
871,873.1619999999998
872,882.9860000000001
873,890.2360000000001
874,892.331
875,914.851
876,920.879
877,918.084
878,906.179
879,894.1560000000002
880,903.996
881,914.645
882,916.865
883,915.551
884,915.703
885,937.573
886,969.061
887,989.036
888,1009.0
889,1014.0
890,1016.0
891,1017.0
892,1038.0
893,1049.0
894,1020.0
895,973.244
896,1003.0
897,999.914
898,994.654
899,1003.0
900,1006.0
901,1023.0
902,1043.0
903,1056.0
904,1049.0
905,1052.0
906,1095.0
907,1114.0
908,1140.0
909,1178.0
910,1163.0
911,1160.0
912,1181.0
913,1190.0
914,1203.0
915,1237.0
916,1270.0
917,1271.0
918,1261.0
919,1273.0
920,1252.0
921,1196.0
922,1175.0
923,1202.0
924,1168.0
925,1195.0
926,1229.0
927,1239.0
928,1248.0
929,1218.0
930,1131.0
931,1039.0
932,1014.0
933,1039.0
934,1089.0
935,1062.0
936,1043.0
937,997.754
938,934.795
939,973.897
940,1003.0
941,1045.0
942,1036.0
943,1037.0
944,1057.0
945,1083.0
946,1090.0
947,1132.0
948,1142.0
949,1128.0
950,1164.0
951,1189.0
952,1188.0
953,1194.0
954,1208.0
955,1213.0
956,1218.0
957,1191.0
958,1185.0
959,1188.0
960,1188.0
961,1190.0
962,1218.0
963,1217.0
964,1233.0
965,1256.0
966,1252.0
967,1252.0
968,1257.0
969,1269.0
970,1293.0
971,1318.0
972,1326.0
973,1335.0
974,1337.0
975,1390.0
976,1437.0
977,1462.0
978,1517.0
979,1534.0
980,1530.0
981,1541.0
982,1600.0
983,1700.0
984,1721.0
985,1800.0
986,1763.0
987,1700.0
988,1776.0
989,1722.0
990,1709.0
991,1790.0
992,1837.0
993,1923.0
994,1988.0
995,2045.0
996,2149.0
997,2208.0
998,2379.0
999,2568.0
1000,2377.0
1001,2061.0
1002,2158.0
1003,2208.0
1004,2258.0
1005,2236.0
1006,2384.0
1007,2413.0
1008,2500.0
1009,2512.0
1010,2594.0
1011,2822.0
1012,2797.0
1013,2741.0
1014,2811.0
1015,2845.0
1016,2894.0
1017,2799.0
1018,2712.0
1019,2654.0
1020,2377.0
1021,2456.0
1022,2559.0
1023,2566.0
1024,2561.0
1025,2657.0
1026,2707.0
1027,2677.0
1028,2710.0
1029,2654.0
1030,2567.0
1031,2472.0
1032,2409.0
1033,2524.0
1034,2545.0
1035,2513.0
1036,2447.0
1037,2431.0
1038,2518.0
1039,2588.0
1040,2566.0
1041,2589.0
1042,2542.0
1043,2513.0
1044,2540.0
1045,2455.0
1046,2341.0
1047,2341.0
1048,2365.0
1049,2276.0
1050,2079.0
1051,1941.0
1052,2054.0
1053,2268.0
1054,2309.0
1055,2471.0
1056,2702.0
1057,2766.0
1058,2760.0
1059,2745.0
1060,2625.0
1061,2503.0
1062,2571.0
1063,2742.0
1064,2725.0
1065,2693.0
1066,2771.0
1067,2785.0
1068,2718.0
1069,2747.0
1070,2831.0
1071,3152.0
1072,3238.0
1073,3306.0
1074,3422.0
1075,3353.0
1076,3399.0
1077,3514.0
1078,3780.0
1079,4041.0
1080,4185.0
1081,4189.0
1082,4177.0
1083,4354.0
1084,4240.0
1085,4090.0
1086,4101.0
1087,4043.0
1088,3941.0
1089,4156.0
1090,4202.0
1091,4367.0
1092,4323.0
1093,4349.0
1094,4316.0
1095,4473.0
1096,4586.0
1097,4677.0
1098,4808.0
1099,4694.0
1100,4601.0
1101,4402.0
1102,4290.0
1103,4564.0
1104,4613.0
1105,4509.0
1106,4327.0
1107,4224.0
1108,4239.0
1109,4271.0
1110,3956.0
1111,3648.0
1112,3430.0
1113,3733.0
1114,3669.0
1115,3962.0
1116,3978.0
1117,3958.0
1118,3811.0
1119,3645.0
1120,3735.0
1121,3713.0
1122,3832.0
1123,3928.0
1124,4045.0
1125,4200.0
1126,4156.0
1127,4290.0
1128,4323.0
1129,4421.0
1130,4326.0
1131,4263.0
1132,4268.0
1133,4372.0
1134,4364.0
1135,4508.0
1136,4655.0
1137,4825.0
1138,4796.0
1139,5076.0
1140,5611.0
1141,5677.0
1142,5632.0
1143,5680.0
1144,5633.0
1145,5398.0
1146,5656.0
1147,5788.0
1148,6077.0
1149,5919.0
1150,5877.0
1151,5662.0
1152,5546.0
1153,5824.0
1154,5824.0
1155,5755.0
1156,5882.0
1157,6122.0
1158,6244.0
1159,6507.0
1160,6963.0
1161,7240.0
1162,7264.0
1163,7472.0
1164,7254.0
1165,7113.0
1166,7383.0
1167,7250.0
1168,6951.0
1169,6549.0
1170,6115.0
1171,6345.0
1172,6601.0
1173,7074.0
1174,7462.0
1175,7840.0
1176,7705.0
1177,7832.0
1178,8112.0
1179,8178.0
1180,8206.0
1181,8184.0
1182,8168.0
1183,8464.0
1184,9041.0
1185,9607.0
1186,9867.0
1187,10480.0
1188,9996.0
1189,10236.0
1190,10976.0
1191,11320.0
1192,11414.0
1193,11716.0
1194,12656.0
1195,15282.0
1196,16326.0
1197,15335.0
1198,14558.0
1199,16561.0
1200,16914.0
1201,16746.0
1202,16521.0
1203,17543.0
1204,18334.0
1205,19401.0
1206,18854.0
1207,18319.0
1208,16899.0
1209,16311.0
1210,14030.0
1211,15086.0
1212,13698.0
1213,13825.0
1214,15224.0
1215,15712.0
1216,14342.0
1217,14598.0
1218,13277.0
1219,13402.0
1220,13523.0
1221,13924.0
1222,15027.0
1223,14883.0
1224,15881.0
1225,16784.0
1226,16733.0
1227,15476.0
1228,15041.0
1229,14328.0
1230,13863.0
1231,13850.0
1232,14363.0
1233,13821.0
1234,13932.0
1235,12255.0
1236,10747.0
1237,11561.0
1238,11560.0
1239,12544.0
1240,11984.0
1241,11217.0
1242,10800.0
1243,11094.0
1244,11384.0
1245,11085.0
1246,11294.0
1247,11710.0
1248,11372.0
1249,10781.0
1250,10154.0
1251,9755.0
1252,8748.0
1253,9091.0
1254,8826.0
1255,7704.0
1256,6852.0
1257,7933.0
1258,8256.0
1259,8300.0
1260,8691.0
1261,8234.0
1262,8662.0
1263,8657.0
1264,9055.0
1265,9838.0
1266,10058.0
1267,10713.0
1268,10772.0
1269,10902.0
1270,11551.0
1271,10851.0
1272,10325.0
1273,10046.0
1274,9975.0
1275,9649.0
1276,9939.0
1277,10575.0
1278,10607.0
1279,10666.0
1280,11002.0
1281,11365.0
1282,11271.0
1283,11537.0
1284,11051.0
1285,10428.0
1286,9724.0
1287,8927.0
1288,9252.0
1289,9065.0
1290,9457.0
1291,9170.0
1292,8789.0
1293,8124.0
1294,8327.0
1295,8099.0
1296,7696.0
1297,8360.0
1298,8641.0
1299,9002.0
1300,8809.0
1301,8549.0
1302,8881.0
1303,8559.0
1304,8236.0
1305,7983.0
1306,7940.0
1307,7548.0
1308,6908.0
1309,7025.0
1310,6826.0
1311,7004.0
1312,7345.0
1313,7107.0
1314,6780.0
1315,6673.0
1316,6916.0
1317,7020.0
1318,6918.0
1319,6805.0
1320,6912.0
1321,7355.0
1322,8008.0
1323,8025.0
1324,8241.0
1325,8104.0
1326,8075.0
1327,8085.0
1328,8242.0
1329,8464.0
1330,8820.0
1331,8913.0
1332,8925.0
1333,9325.0
1334,9231.0
1335,8894.0
1336,9228.0
1337,9249.0
1338,9365.0
1339,9304.0
1340,9004.0
1341,9128.0
1342,9387.0
1343,9670.0
1344,9844.0
1345,9658.0
1346,9367.0
1347,9282.0
1348,9210.0
1349,9288.0
1350,8725.0
1351,8438.0
1352,8566.0
1353,8595.0
1354,8652.0
1355,8291.0
1356,8297.0
1357,8115.0
1358,8266.0
1359,8378.0
1360,8476.0
1361,8261.0
1362,7816.0
1363,7551.0
1364,7507.0
1365,7517.0
1366,7346.0
1367,7274.0
1368,7311.0
1369,7454.0
1370,7517.0
1371,7501.0
1372,7615.0
1373,7706.0
1374,7594.0
1375,7513.0
1376,7619.0
1377,7708.0
1378,7650.0
1379,7653.0
1380,7150.0
1381,6767.0
1382,6775.0
1383,6459.0
1384,6515.0
1385,6567.0
1386,6482.0
1387,6534.0
1388,6543.0
1389,6737.0
1390,6698.0
1391,6755.0
1392,6382.0
1393,6146.0
1394,6044.0
1395,6225.0
1396,6233.0
1397,6128.0
1398,6120.0
1399,5935.0
1400,6382.0
1401,6388.0
1402,6479.0
1403,6614.0
1404,6592.0
1405,6602.0
1406,6569.0
1407,6611.0
1408,6759.0
1409,6739.0
1410,6516.0
1411,6400.0
1412,6252.0
1413,6256.0
1414,6253.0
1415,6342.0
1416,6537.0
1417,6889.0
1418,7413.0
1419,7399.0
1420,7430.0
1421,7353.0
1422,7455.0
1423,7681.0
1424,8068.0
1425,8254.0
1426,8199.0
1427,8021.0
1428,8180.0
1429,8206.0
1430,8142.0
1431,7929.0
1432,7580.0
1433,7598.0
1434,7403.0
1435,7260.0
1436,7009.0
1437,7006.0
1438,7000.0
1439,6454.0
1440,6398.0
1441,6414.0
1442,6195.0
1443,6316.0
1444,6356.0
1445,6064.0
1446,6377.0
1447,6351.0
1448,6474.0
1449,6459.0
1450,6412.0
1451,6462.0
1452,6411.0
1453,6592.0
1454,6445.0
1455,6566.0
1456,6731.0
1457,6691.0
1458,6733.0
1459,6997.0
1460,7067.0
1461,6947.0
1462,6994.0
1463,7114.0
1464,7249.0
1465,7269.0
1466,7332.0
1467,7145.0
1468,6442.0
1469,6463.0
1470,6380.0
1471,6308.0
1472,6307.0
1473,6312.0
1474,6287.0
1475,6450.0
1476,6507.0
1477,6523.0
1478,6491.0
1479,6408.0
1480,6307.0
1481,6352.0
1482,6423.0
1483,6667.0
1484,6714.0
1485,6712.0
1486,6645.0
1487,6424.0
1488,6470.0
1489,6528.0
1490,6683.0
1491,6568.0
1492,6610.0
1493,6610.0
1494,6579.0
1495,6484.0
1496,6583.0
1497,6584.0
1498,6598.0
1499,6580.0
1500,6630.0
1501,6639.0
1502,6581.0
1503,6284.0
1504,6278.0
1505,6288.0
1506,6335.0
1507,6614.0
1508,6642.0
1509,6609.0
1510,6595.0
1511,6514.0
1512,6526.0
1513,6574.0
1514,6537.0
1515,6511.0
1516,6530.0
1517,6502.0
1518,6493.0
1519,6491.0
1520,6483.0
1521,6406.0
1522,6331.0
1523,6330.0
1524,6361.0
1525,6410.0
1526,6385.0
1527,6414.0
1528,6451.0
1529,6454.0
1530,6547.0
1531,6503.0
1532,6429.0
1533,6424.0
1534,6411.0
1535,6426.0
1536,6405.0
1537,6158.0
1538,5605.0
1539,5612.0
1540,5571.0
1541,5633.0
1542,5285.0
1543,4632.0
1544,4528.0
1545,4541.0
1546,4325.0
1547,4310.0
1548,3850.0
1549,3933.0
1550,3776.0
1551,4118.0
1552,4271.0
1553,4129.0
1554,4140.0
1555,4192.0
1556,4004.0
1557,3981.0
1558,3900.0
1559,3756.0
1560,3415.0
1561,3449.0
1562,3561.0
1563,3554.0
1564,3459.0
1565,3483.0
1566,3433.0
1567,3302.0
1568,3256.0
1569,3298.0
1570,3417.0
1571,3575.0
1572,3813.0
1573,3984.0
1574,4034.0
1575,3919.0
1576,4039.0
1577,4175.0
1578,3829.0
1579,3833.0
1580,3766.0
1581,3746.0
1582,3915.0
1583,3835.0
1584,3804.0
1585,3744.0
1586,3865.0
1587,3874.0
1588,3821.0
1589,3861.0
1590,3925.0
1591,4052.0
1592,4031.0
1593,4036.0
1594,3825.0
1595,3662.0
1596,3648.0
1597,3600.0
1598,3604.0
1599,3661.0
1600,3626.0
1601,3623.0
1602,3637.0
1603,3689.0
1604,3638.0
1605,3558.0
1606,3573.0
1607,3592.0
1608,3576.0
1609,3580.0
1610,3601.0
1611,3578.0
1612,3474.0
1613,3432.0
1614,3464.0
1615,3459.0
1616,3455.0
1617,3459.0
1618,3454.0
1619,3442.0
1620,3446.0
1621,3400.0
1622,3392.0
1623,3481.0
1624,3650.0
1625,3645.0
1626,3637.0
1627,3611.0
1628,3617.0
1629,3601.0
1630,3601.0
1631,3617.0
1632,3620.0
1633,3796.0
1634,3935.0
1635,3943.0
1636,3942.0
1637,3958.0
1638,4006.0
1639,4020.0
1640,3822.0
1641,3823.0
1642,3819.0
1643,3833.0
1644,3837.0
1645,3826.0
1646,3819.0
1647,3746.0
1648,3786.0
1649,3857.0
1650,3884.0
1651,3896.0
1652,3915.0
1653,3916.0
1654,3889.0
1655,3871.0
1656,3871.0
1657,3874.0
1658,3904.0
1659,4006.0
1660,3988.0
1661,3993.0
1662,4003.0
1663,4021.0
1664,4026.0
1665,3999.0
1666,4000.0
1667,3989.0
1668,3974.0
1669,3933.0
1670,4014.0
1671,4032.0
1672,4080.0
1673,4103.0
1674,4103.0
1675,4138.0
1676,4646.0
1677,5028.0
1678,4974.0
1679,4985.0
1680,5048.0
1681,5137.0
1682,5224.0
1683,5200.0
1684,5262.0
1685,5125.0
1686,5043.0
1687,5086.0
1688,5080.0
1689,5125.0
1690,5105.0
1691,5220.0
1692,5265.0
1693,5260.0
1694,5310.0
1695,5281.0
1696,5310.0
1697,5530.0
1698,5487.0
1699,5431.0
1700,5250.0
1701,5252.0
1702,5260.0
1703,5240.0
1704,5265.0
1705,5354.0
1706,5432.0
1707,5704.0
1708,5750.0
1709,5778.0
1710,5712.0
1711,5921.0
1712,5901.0
1713,6085.0
1714,6318.0
1715,6807.0
1716,7158.0
1717,7400.0
1718,7988.0
1719,8047.0
1720,7992.0
1721,7287.0
1722,7328.0
1723,7912.0
1724,7900.0
1725,7938.0
1726,7884.0
1727,7701.0
1728,7975.0
1729,8023.0
1730,8103.0
1731,8767.0
1732,8720.0
1733,8648.0
1734,8636.0
1735,8356.0
1736,8541.0
1737,8662.0
1738,8537.0
1739,7868.0
1740,7778.0
1741,7756.0
1742,7934.0
1743,7938.0
1744,7796.0
1745,7810.0
1746,7884.0
1747,8018.0
1748,8153.0
1749,8337.0
1750,8713.0
1751,9081.0
1752,9225.0
1753,9161.0
1754,9150.0
1755,9339.0
1756,9796.0
1757,10733.0
1758,10780.0
1759,10865.0
1760,11320.0
1761,12668.0
1762,11826.0
1763,11702.0
1764,11867.0
1765,11569.0
1766,10709.0
1767,10323.0
1768,11337.0
1769,11752.0
1770,11141.0
1771,11383.0
1772,11297.0
1773,11763.0
1774,12497.0
1775,12645.0
1776,11589.0
1777,11583.0
1778,11424.0
1779,10868.0
1780,10433.0
1781,10364.0
1782,9580.0
1783,10053.0
1784,10469.0
1785,10672.0
1786,10579.0
1787,10458.0
1788,10082.0
1789,9714.0
1790,10028.0
1791,9782.0
1792,9734.0
1793,9499.0
1794,9556.0
1795,9547.0
1796,9850.0
1797,10083.0
1798,10482.0
1799,10790.0
1800,10814.0
1801,11680.0
1802,11772.0
1803,11726.0
1804,11811.0
1805,11837.0
1806,11602.0
1807,11403.0
1808,11404.0
1809,11161.0
1810,10494.0
1811,10035.0
1812,10245.0
1813,10309.0
1814,10295.0
1815,10614.0
1816,10758.0
1817,10219.0
1818,10058.0
1819,10266.0
1820,10156.0
1821,10104.0
1822,10349.0
1823,10191.0
1824,10085.0
1825,9533.0
1826,9556.0
1827,9608.0
1828,9636.0
1829,9934.0
1830,10517.0
1831,10566.0
1832,10575.0
1833,10655.0
1834,10426.0
1835,10467.0
1836,10319.0
1837,10243.0
1838,10082.0
1839,10237.0
1840,10328.0
1841,10351.0
1842,10334.0
1843,10287.0
1844,10237.0
1845,10211.0
1846,10007.0
1847,10192.0
1848,10058.0
1849,10005.0
1850,9909.0
1851,9469.0
1852,8465.0
1853,8260.0
1854,8054.0
1855,8171.0
1856,8092.0
1857,8081.0
1858,8365.0
1859,8265.0
1860,8255.0
1861,8173.0
1862,8129.0
1863,8016.0
1864,8068.0
1865,8214.0
1866,8339.0
1867,8556.0
1868,8404.0
1869,8340.0
1870,8364.0
1871,8319.0
1872,8274.0
1873,8081.0
1874,8057.0
1875,7980.0
1876,7979.0
1877,8030.0
1878,8235.0
1879,8209.0
1880,7748.0
1881,7456.0
1882,7873.0
1883,9321.0
1884,9407.0
1885,9466.0
1886,9388.0
1887,9218.0
1888,9196.0
1889,9176.0
1890,9292.0
1891,9245.0
1892,9285.0
1893,9357.0
1894,9362.0
1895,9274.0
1896,9015.0
1897,8833.0
1898,8922.0
1899,8830.0
1900,8776.0
1901,8797.0
1902,8728.0
1903,8601.0
1904,8524.0
1905,8584.0
1906,8460.0
1907,8204.0
1908,8176.0
1909,7924.0
1910,7367.0
1911,7255.0
1912,7209.0
1913,6978.0
1914,7165.0
1915,7269.0
1916,7555.0
1917,7595.0
1918,7673.0
1919,7360.0
1920,7315.0
1921,7319.0
1922,7314.0
1923,7351.0
1924,7436.0
1925,7556.0
1926,7549.0
1927,7492.0
1928,7340.0
1929,7266.0
1930,7217.0
1931,7258.0
1932,7204.0
1933,7128.0
1934,7085.0
1935,6854.0
1936,6799.0
1937,7178.0
1938,7211.0
1939,7208.0
1940,7276.0
1941,7529.0
1942,7362.0
1943,7283.0
1944,7278.0
1945,7263.0
1946,7361.0
1947,7469.0
1948,7388.0
1949,7293.0
1950,7238.0
1951,7127.0
1952,7250.0
1953,7390.0
1954,7503.0
1955,7588.0
1956,7953.0
1957,8273.0
1958,7943.0
1959,7933.0
1960,8120.0
1961,8146.0
1962,8151.0
1963,8605.0
1964,8778.0
1965,8693.0
1966,8869.0
1967,8907.0
1968,8859.0
1969,8670.0
1970,8672.0
1971,8693.0
1972,8469.0
1973,8410.0
1974,8349.0
1975,8466.0
1976,8744.0
1977,9049.0
1978,9349.0
1979,9394.0
1980,9366.0
1981,9393.0
1982,9398.0
1983,9356.0
1984,9233.0
1985,9421.0
1986,9706.0
1987,9798.0
1988,9823.0
1989,10083.0
1990,9932.0
1991,9968.0
1992,10331.0
1993,10289.0
1994,10272.0
1995,10152.0
1996,9916.0
1997,9723.0
1998,9840.0
1999,10091.0
2000,9612.0
2001,9688.0
2002,9666.0
2003,9850.0
2004,9755.0
2005,9520.0
2006,9065.0
2007,8803.0
2008,8706.0
2009,8690.0
2010,8572.0
2011,8754.0
2012,8791.0
2013,8767.0
2014,9024.0
2015,9099.0
2016,9050.0
2017,8589.0
2018,7886.0
2019,7957.0
2020,7856.0
2021,6696.0
2022,5278.0
2023,5401.0
2024,5316.0
2025,5005.0
2026,5179.0
2027,5182.0
2028,5668.0
2029,6288.0
2030,6167.0
2031,6134.0
2032,6097.0
2033,6629.0
2034,6658.0
2035,6666.0
2036,6685.0
2037,6228.0
2038,6124.0
2039,6266.0
2040,6451.0
2041,6314.0
2042,6722.0
2043,6822.0
2044,6773.0
2045,6799.0
2046,7082.0
2047,7310.0
2048,7280.0
2049,7286.0
2050,6980.0
2051,6846.0
2052,6946.0
2053,6745.0
2054,6874.0
2055,6793.0
2056,6893.0
2057,7074.0
2058,7129.0
2059,7157.0
2060,7047.0
2061,6863.0
2062,6986.0
2063,7272.0
2064,7519.0
2065,7541.0
2066,7583.0
2067,7705.0
2068,7726.0
2069,8198.0
2070,8883.0
2071,8777.0
2072,8854.0
2073,8973.0
2074,8780.0
2075,8904.0
2076,9109.0
2077,9445.0
2078,9917.0
2079,9724.0
2080,8697.0
2081,8704.0
2082,8775.0
2083,9039.0
2084,9523.0
2085,9519.0
2086,9407.0
2087,9623.0
2088,9728.0
2089,9680.0
2090,9677.0
2091,9302.0
2092,9137.0
2093,9216.0
2094,9139.0
2095,8829.0
2096,8872.0
2097,9033.0
2098,9320.0
2099,9463.0
2100,9510.0
2101,9558.0
2102,9581.0
2103,9894.0
2104,9561.0
2105,9710.0
2106,9760.0
2107,9656.0
2108,9644.0
2109,9733.0
2110,9719.0
2111,9793.0
2112,9659.0
2113,9427.0
2114,9444.0
2115,9425.0
2116,9261.0
2117,9500.0
2118,9462.0
2119,9429.0
2120,9356.0
2121,9330.0
2122,9371.0
2123,9490.0
2124,9649.0
2125,9468.0
2126,9261.0
2127,9219.0
2128,9143.0
2129,9087.0
2130,9150.0
2131,9182.0
2132,9224.0
2133,9203.0
2134,9125.0
2135,9137.0
2136,9110.0
2137,9244.0
2138,9300.0
2139,9374.0
2140,9362.0
2141,9236.0
2142,9279.0
2143,9292.0
2144,9316.0
2145,9252.0
2146,9258.0
2147,9169.0
2148,9169.0
2149,9201.0
2150,9198.0
2151,9220.0
2152,9342.0
2153,9397.0
2154,9561.0
2155,9565.0
2156,9627.0
2157,9836.0
2158,10423.0
2159,10988.0
2160,11098.0
2161,11039.0
2162,11199.0
2163,11595.0
2164,11342.0
2165,11258.0
2166,11252.0
2167,11461.0
2168,11757.0
2169,11719.0
2170,11683.0
2171,11675.0
2172,11895.0
2173,11640.0
2174,11466.0
2175,11553.0
2176,11755.0
2177,11879.0
2178,11854.0
2179,12053.0
2180,12170.0
2181,11803.0
2182,11801.0
2183,11753.0
2184,11563.0
2185,11628.0
2186,11740.0
2187,11521.0
2188,11410.0
2189,11355.0
2190,11445.0
2191,11513.0
2192,11614.0
2193,11689.0
2194,11872.0
2195,11587.0
2196,11059.0
2197,10393.0
2198,10279.0
2199,10205.0
2200,10164.0
2201,10156.0
2202,10189.0
2203,10344.0
2204,10309.0
2205,10379.0
2206,10404.0
2207,10512.0
2208,10778.0
2209,10900.0
2210,10899.0
2211,10931.0
2212,11019.0
2213,10928.0
2214,10692.0
2215,10475.0
2216,10445.0
2217,10447.0
2218,10679.0
2219,10724.0
2220,10725.0
2221,10887.0
2222,10736.0
2223,10751.0
2224,10766.0
2225,10535.0
2226,10556.0
2227,10611.0
2228,10710.0
2229,10719.0
2230,10625.0
2231,10737.0
2232,10986.0
2233,11335.0
2234,11364.0
2235,11448.0
2236,11455.0
2237,11409.0
2238,11417.0
2239,11370.0
2240,11348.0
2241,11433.0
2242,11582.0
2243,11847.0
2244,12446.0
2245,12929.0
2246,12936.0
2247,13026.0
2248,13058.0
2249,13072.0
2250,13360.0
2251,13454.0
2252,13319.0
2253,13435.0
2254,13738.0
2255,13771.0
2256,13600.0
2257,13611.0
2258,13898.0
2259,14706.0
2260,15578.0
2261,15354.0
2262,15193.0
2263,15382.0
2264,15323.0
2265,15585.0
2266,15919.0
2267,16289.0
2268,16045.0
2269,16000.0
2270,16364.0
2271,17072.0
2272,17879.0
2273,17839.0
2274,18323.0
2275,18706.0
2276,18429.0
2277,18442.0
2278,18848.0
2279,19064.0
2280,17408.0
2281,16995.0
2282,17316.0
2283,17994.0
2284,18902.0
2285,19276.0
2286,18951.0
2287,19280.0
2288,19133.0
2289,19000.0
2290,19151.0
2291,19207.0
2292,18955.0
2293,18273.0
2294,18314.0
2295,17948.0
2296,18472.0
2297,19117.0
2298,19167.0
2299,19353.0
2300,20057.0
2301,22598.0
2302,22874.0
2303,23341.0
2304,23594.0
2305,23257.0
2306,23084.0
2307,23562.0
2308,23307.0
2309,24013.0
2310,25252.0
2311,27061.0
2312,26978.0
2313,26678.0
2314,28128.0
2315,28876.0
2316,29260.0
2317,30703.0
2318,33457.0
2319,31858.0
2320,32246.0
2321,34854.0
2322,38029.0
2323,39789.0
2324,40392.0
2325,39729.0
2326,34315.0
2327,34860.0
2328,34653.0
2329,38495.0
2330,37496.0
2331,36863.0
2332,35675.0
2333,36046.0
2334,36868.0
2335,35175.0
2336,32969.0
2337,31849.0
2338,32346.0
2339,32240.0
2340,33356.0
2341,32051.0
2342,31173.0
2343,31756.0
2344,35032.0
2345,34058.0
2346,33452.0
2347,33701.0
2348,34689.0
2349,36550.0
2350,37530.0
2351,37607.0
2352,39803.0
2353,38705.0
2354,40920.0
2355,46682.0
2356,45766.0
2357,46240.0
2358,47590.0
2359,47268.0
2360,48570.0
2361,47853.0
2362,48845.0
2363,50897.0
2364,51901.0
2365,53058.0
2366,56272.0
2367,57022.0
2368,54729.0
2369,48981.0
2370,49790.0
2371,49992.0
2372,46648.0
2373,47126.0
2374,44822.0
2375,47582.0
2376,48631.0
2377,50406.0
2378,49417.0
2379,47709.0
2380,48591.0
2381,50194.0
2382,50778.0
2383,53969.0
2384,55356.0
2385,56264.0
2386,56840.0
2387,58772.0
2388,60475.0
2389,57111.0
2390,55340.0
2391,56137.0
2392,58477.0
2393,58278.0
2394,58776.0
2395,57303.0
2396,56801.0
2397,54699.0
2398,55143.0
2399,52127.0
2400,53208.0
2401,55175.0
2402,55835.0
2403,56910.0
2404,58349.0
2405,58700.0
2406,58868.0
2407,59266.0
2408,58933.0
2409,57705.0
2410,58085.0
2411,58460.0
2412,56977.0
2413,57176.0
2414,58209.0
2415,59866.0
2416,59794.0
2417,60108.0
2418,62149.0
2419,63438.0
2420,62899.0
2421,61731.0
2422,61305.0
2423,56083.0
2424,56387.0
2425,55518.0
2426,55452.0
2427,53812.0
2428,49891.0
2429,50077.0
2430,49657.0
2431,53000.0
2432,54583.0
